binance_symbol,friendly,regime,final_equity,peak_equity,max_drawdown_pct,failed,pass_status,fail_reason,fail_time,halt_equity,total_trades,win_rate,avg_r,net_r,profit_factor,roi_pct,calmar,avg_notional_usd,avg_leverage_used,long_count,short_count,source_file
ADAUSDT,ADA,bear_2022_pre_ftx,11000.93482323697,12257.019199228662,-10.24787801646535,True,FAILED,max_drawdown_breach,2022-05-29 09:40:00+00:00,11000.93482323697,2121,50.730787364450734,0.21426501650165014,454.45609999999994,1.8976878699493018,10.009348232369696,0.9767239828857832,5064.547020273456,0.7085609618104668,911,1210,ADAUSDT_bear_2022_pre_ftx_5m.csv.gz
ADAUSDT,ADA,late_bull_2021_ath,9833.766719277735,10942.901932143208,-10.13565889325524,True,FAILED,max_drawdown_breach,2021-10-14 16:35:00+00:00,9833.766719277735,2515,50.0596421471173,0.18273936381709743,459.58950000000004,1.7380682661294724,-1.662332807222644,-0.16400836144247524,4489.72626640159,0.6669139165009941,1115,1400,ADAUSDT_late_bull_2021_ath_5m.csv.gz
ADAUSDT,ADA,post_ath_pullback_2024_q2,9457.349241343409,10509.348895157478,-10.010131591490056,True,FAILED,max_drawdown_breach,2024-05-27 18:40:00+00:00,9457.349241343409,1835,49.155313351498634,0.1560584741144414,286.3673,1.5688913972765586,-5.42650758656591,-0.5421015235383282,5445.558032697548,0.824932970027248,707,1128,ADAUSDT_post_ath_pullback_2024_q2_5m.csv.gz
ALGOUSDT,ALGO,late_bull_2021_ath,10359.611376467237,11532.489302511187,-10.170206061136833,True,FAILED,max_drawdown_breach,2021-09-04 18:20:00+00:00,10359.611376467237,1021,51.90989226248776,0.20515935357492654,209.4677,1.7758062962962962,3.5961137646723706,0.35359300913421166,4241.646385896181,0.5902669931439765,543,478,ALGOUSDT_late_bull_2021_ath_5m.csv.gz
ALGOUSDT,ALGO,recovery_2023_h1,10183.716412821323,11336.14041663428,-10.165929156293164,True,FAILED,max_drawdown_breach,2023-06-14 20:30:00+00:00,10183.716412821323,5334,50.39370078740157,0.18780459317585305,1001.7497000000001,1.7252314823026453,1.83716412821322,0.18071777797860547,5869.724092613423,0.8413285339332582,2302,3032,ALGOUSDT_recovery_2023_h1_5m.csv.gz
APTUSDT,APT,range_2023_h2,9977.674505348716,11504.795814900128,-13.273780205413132,True,FAILED,max_drawdown_breach,2023-08-09 12:30:00+00:00,9977.674505348716,1142,50.0875656742557,0.18217775831873903,208.04699999999997,1.6754772727272729,-0.22325494651284084,-0.01681924388214565,5824.7023380035025,0.8761693520140106,493,649,APTUSDT_range_2023_h2_5m.csv.gz
APTUSDT,APT,post_ath_pullback_2024_q2,9757.244339097393,10854.136838733672,-10.10575521511714,True,FAILED,max_drawdown_breach,2024-06-08 00:35:00+00:00,9757.244339097393,2203,49.387199273717656,0.17038597367226513,375.36030000000005,1.7169858425207258,-2.4275566090260714,-0.24021525926085202,4785.869387199274,0.7199095778483886,964,1239,APTUSDT_post_ath_pullback_2024_q2_5m.csv.gz
ATOMUSDT,ATOM,bear_2022_pre_ftx,10365.557273974358,11530.053863863144,-10.099663051345198,True,FAILED,max_drawdown_breach,2022-07-26 04:55:00+00:00,10365.557273974358,3817,49.85590778097983,0.1802078595755829,687.8534,1.7094940322238765,3.6555727397435733,0.3619499701286251,4176.7712601519515,0.5919354990830495,1755,2062,ATOMUSDT_bear_2022_pre_ftx_5m.csv.gz
ATOMUSDT,ATOM,range_2023_h2,10337.176518163824,11486.713892300522,-10.007539013461686,True,FAILED,max_drawdown_breach,2023-10-14 14:20:00+00:00,10337.176518163824,3278,50.884685784014636,0.19739826113483833,647.0715,1.7624787601839171,3.371765181638242,0.3369225118286021,6630.791513117754,0.9482964917632702,1387,1891,ATOMUSDT_range_2023_h2_5m.csv.gz
AVAXUSDT,AVAX,late_bull_2021_ath,12151.865348124169,13504.006118471098,-10.012886238976437,True,FAILED,max_drawdown_breach,2021-10-16 05:10:00+00:00,12151.865348124169,2624,50.99085365853659,0.21218788109756095,556.781,1.9302782141390409,21.51865348124169,2.1490959716967106,3347.6914481707313,0.44547709603658536,1259,1365,AVAXUSDT_late_bull_2021_ath_5m.csv.gz
AVAXUSDT,AVAX,midcycle_correction_2021,9168.693929485276,10191.261520805687,-10.033768530351384,True,FAILED,max_drawdown_breach,2021-05-16 13:10:00+00:00,9168.693929485276,992,48.689516129032256,0.14078185483870967,139.6556,1.5384796012518909,-8.313060705147235,-0.828508319680772,2387.959929435484,0.3716024193548387,518,474,AVAXUSDT_midcycle_correction_2021_5m.csv.gz
DOTUSDT,DOT,bear_2022_pre_ftx,11675.768081894328,12982.137612499242,-10.062823008031717,True,FAILED,max_drawdown_breach,2022-07-31 22:45:00+00:00,11675.768081894328,4604,49.80451781059948,0.1930838184187663,888.9579,1.8197049623176045,16.75768081894329,1.6653061278696863,4841.8526172893135,0.6479188314509123,2080,2524,DOTUSDT_bear_2022_pre_ftx_5m.csv.gz
DOTUSDT,DOT,late_bull_2021_ath,10226.80896223216,11363.694857305463,-10.004544378824331,True,FAILED,max_drawdown_breach,2021-10-29 06:20:00+00:00,10226.80896223216,3031,50.511382382052126,0.19477535466842627,590.3641,1.8017640152567151,2.268089622321612,0.2267059384655499,3958.209049818542,0.5823820521280105,1476,1555,DOTUSDT_late_bull_2021_ath_5m.csv.gz
ETHUSDT,ETH,late_bull_2021_ath,9602.488719824965,10670.491880523326,-10.008940287446066,True,FAILED,max_drawdown_breach,2021-09-10 01:35:00+00:00,9602.488719824965,1259,49.80142970611596,0.1863657664813344,234.6345,1.7010814368920786,-3.9751128017503468,-0.3971562111062067,5092.800238284352,0.7645640984908658,578,681,ETHUSDT_late_bull_2021_ath_5m.csv.gz
LINKUSDT,LINK,current_times,12505.056214130005,13935.842280867504,-10.266950772697992,True,FAILED,max_drawdown_breach,2025-11-18 14:40:00+00:00,12505.056214130005,7792,50.308008213552355,0.19122836242299796,1490.0514,1.8375151815467932,25.05056214130006,2.4399222998044205,5706.246379620123,0.7412193660164271,3799,3993,LINKUSDT_current_times_5m.csv.gz
LINKUSDT,LINK,bear_2022_pre_ftx,10253.107479452312,11394.690859962222,-10.018555084465842,True,FAILED,max_drawdown_breach,2022-07-18 12:15:00+00:00,10253.107479452312,3792,49.31434599156118,0.17876851265822785,677.8902,1.7221960617532903,2.531074794523125,0.2526387061990261,4429.691869725739,0.6312413502109704,1872,1920,LINKUSDT_bear_2022_pre_ftx_5m.csv.gz
MATICUSDT,MATIC,recovery_2023_h1,10836.999084518888,12044.459581089994,-10.025028424412163,True,FAILED,max_drawdown_breach,2023-03-15 19:25:00+00:00,10836.999084518888,2562,51.60031225604996,0.2162128805620609,553.9374,1.9106244400424128,8.36999084518888,0.8349094377435314,5580.346674473068,0.7895005464480875,1286,1276,MATICUSDT_recovery_2023_h1_5m.csv.gz
MATICUSDT,MATIC,bear_2022_pre_ftx,10805.731644441623,12018.618854278486,-10.091735369452115,True,FAILED,max_drawdown_breach,2022-07-08 07:25:00+00:00,10805.731644441623,3736,49.223768736616705,0.1823901766595289,681.4096999999999,1.7927900413771407,8.05731644441623,0.7984074244362261,4298.581932548179,0.6079038543897216,1691,2045,MATICUSDT_bear_2022_pre_ftx_5m.csv.gz
MATICUSDT,MATIC,bull_2020_q4_2021_q1,10703.394280478866,11896.264239240974,-10.027265154613097,True,FAILED,max_drawdown_breach,2020-12-01 16:45:00+00:00,10703.394280478866,1932,50.72463768115942,0.19780243271221534,382.15430000000003,1.7406091085271316,7.033942804788662,0.701481679832976,5323.894994824016,0.7144578157349897,1039,893,MATICUSDT_bull_2020_q4_2021_q1_5m.csv.gz
MATICUSDT,MATIC,post_ath_pullback_2024_q2,10272.007730668027,11416.638971143911,-10.025991391765942,True,FAILED,max_drawdown_breach,2024-05-29 09:15:00+00:00,10272.007730668027,1815,51.019283746556475,0.19948600550964185,362.0671,1.7757730688651683,2.7200773066802686,0.27130257751010933,5835.557057851239,0.8250858402203857,751,1064,MATICUSDT_post_ath_pullback_2024_q2_5m.csv.gz
SOLUSDT,SOLANA,bear_2022_pre_ftx,10829.421025623424,12044.853801603987,-10.090888573663781,True,FAILED,max_drawdown_breach,2022-06-20 01:40:00+00:00,10829.421025623424,2819,50.585313941113874,0.19727690670450515,556.1236,1.815156190109047,8.294210256234248,0.8219504353542575,4340.453394820859,0.6002042568286626,1227,1592,SOLUSDT_bear_2022_pre_ftx_5m.csv.gz
SOLUSDT,SOLANA,range_2023_h2,10457.97586408349,11624.880802415197,-10.037994867777655,True,FAILED,max_drawdown_breach,2023-10-07 06:45:00+00:00,10457.97586408349,3827,49.77789391168017,0.193438176117063,740.2879,1.7755714367132582,4.579758640834908,0.4562423772038484,5798.461732427489,0.8413848445257381,1816,2011,SOLUSDT_range_2023_h2_5m.csv.gz
SUIUSDT,SUI,range_2023_h2,11263.57228460353,12519.576954157015,-10.03232516683753,True,FAILED,max_drawdown_breach,2023-09-26 14:05:00+00:00,11263.57228460353,2882,50.902151283830676,0.20814035392088828,599.8605,1.8331395833333333,12.635722846035291,1.2595009268443025,5943.634316446913,0.8274104094378905,1322,1560,SUIUSDT_range_2023_h2_5m.csv.gz
UNIUSDT,UNI,midcycle_correction_2021,12053.978023300268,13394.396334978817,-10.007306624025391,True,FAILED,max_drawdown_breach,2021-07-27 00:25:00+00:00,12053.978023300268,3532,51.27406568516422,0.21216888448471122,749.3805,1.8959935349048422,20.53978023300267,2.0524783545345833,3924.3786721404304,0.509072933182333,1482,2050,UNIUSDT_midcycle_correction_2021_5m.csv.gz
UNIUSDT,UNI,late_bull_2021_ath,10912.797572264806,12146.935017840617,-10.160072839470956,True,FAILED,max_drawdown_breach,2021-11-11 12:30:00+00:00,10912.797572264806,3528,50.085034013605444,0.19078545918367346,673.0911,1.7816727995869424,9.127975722648053,0.8984163663853569,4849.881646825396,0.6771151360544218,1729,1799,UNIUSDT_late_bull_2021_ath_5m.csv.gz
UNIUSDT,UNI,current_times,10836.27904797055,12044.485562884649,-10.031200656981266,True,FAILED,max_drawdown_breach,2025-07-30 17:55:00+00:00,10836.27904797055,3981,51.117809595579,0.19459163526752074,774.6693,1.7985643415087968,8.362790479705517,0.8336779180950178,4986.10308716403,0.6894961065059031,1940,2041,UNIUSDT_current_times_5m.csv.gz
UNIUSDT,UNI,range_2023_h2,9923.203611782557,11065.882362393666,-10.326142219750977,True,FAILED,max_drawdown_breach,2023-11-09 16:05:00+00:00,9923.203611782557,3813,51.24573826383425,0.19127225281930235,729.3210999999999,1.7170193425438438,-0.7679638821744272,-0.07437084109741685,6118.366792551796,0.9021883556254918,1862,1951,UNIUSDT_range_2023_h2_5m.csv.gz
UNIUSDT,UNI,etf_breakout_2024_q1,9730.367795705512,11007.597633191986,-11.60316610442912,True,FAILED,max_drawdown_breach,2024-03-04 00:45:00+00:00,9730.367795705512,1976,50.40485829959515,0.17823254048582995,352.1875,1.6742122281782092,-2.6963220429448875,-0.23237813013084913,5304.043658906882,0.7660385627530364,982,994,UNIUSDT_etf_breakout_2024_q1_5m.csv.gz
UNIUSDT,UNI,recovery_2023_h1,9659.068746422368,10737.412470590365,-10.042863931338818,True,FAILED,max_drawdown_breach,2023-04-04 07:00:00+00:00,9659.068746422368,2954,49.763033175355446,0.16930744752877455,500.1342,1.6608294090599185,-3.409312535776321,-0.33947612544441036,5593.150338524035,0.8457938388625593,1271,1683,UNIUSDT_recovery_2023_h1_5m.csv.gz
ADAUSDT,ADA,current_times,17117.684089901206,17583.6198960071,-9.72034815119196,False,PASSED,,,,10800,51.73148148148148,0.21660517592592593,2339.3359,1.9425205076551169,71.17684089901206,7.322457981125294,6862.039966666667,0.7787157962962963,4963,5837,ADAUSDT_current_times_5m.csv.gz
ADAUSDT,ADA,bull_2020_q4_2021_q1,14763.011820578407,15635.602366875004,-5.639767786325511,False,PASSED,,,,6836,51.41895845523698,0.21639741076653013,1479.2927,1.9280380803011292,47.630118205784065,8.445404139026902,4868.121440901111,0.5971026770040959,3547,3289,ADAUSDT_bull_2020_q4_2021_q1_5m.csv.gz
ADAUSDT,ADA,midcycle_correction_2021,13100.215697574731,13479.157625020025,-6.318950632548825,False,PASSED,,,,3929,51.43802494273352,0.21759483329091373,854.9301,1.9552291620111732,31.002156975747308,4.906219209255353,4503.415161618733,0.5812206668363451,1780,2149,ADAUSDT_midcycle_correction_2021_5m.csv.gz
ADAUSDT,ADA,recovery_2023_h1,12017.345923151428,12275.020821028733,-9.400950132868235,False,PASSED,,,,6819,50.25663587036222,0.1983726646135797,1352.7032,1.8223119756838906,20.17345923151428,2.1458957814255895,6429.542066285379,0.8727759642176273,2981,3838,ADAUSDT_recovery_2023_h1_5m.csv.gz
ADAUSDT,ADA,range_2023_h2,10852.670877201113,11188.02414728444,-6.3082777718767025,False,PASSED,,,,6454,50.542299349240785,0.1953622404710257,1260.8679,1.7890287234042552,8.526708772011137,1.351669834518789,5765.75511310815,0.8655975519057949,2933,3521,ADAUSDT_range_2023_h2_5m.csv.gz
ADAUSDT,ADA,etf_breakout_2024_q1,10307.531666807416,11185.48586267853,-8.10388176463157,False,PASSED,,,,2937,50.08512087163772,0.18846224038134152,553.5136,1.764521546961326,3.075316668074146,0.3794868628878571,5248.58771876064,0.769283112019067,1265,1672,ADAUSDT_etf_breakout_2024_q1_5m.csv.gz
ADAUSDT,ADA,ftx_crash_2022,10270.24141686215,10405.605739175111,-4.754889778647531,False,PASSED,,,,1638,49.51159951159951,0.18165708180708182,297.5543,1.74388575,2.702414168621514,0.5683442297142337,5568.207258852259,0.8515205738705739,680,958,ADAUSDT_ftx_crash_2022_5m.csv.gz
ALGOUSDT,ALGO,current_times,17212.210548853524,17482.52943611469,-6.858422849917744,False,PASSED,,,,10222,51.9467814517707,0.21841270788495404,2232.6147,1.8951943464314356,72.12210548853524,10.515844103925472,6739.883825083155,0.7798116709058892,4871,5351,ALGOUSDT_current_times_5m.csv.gz
ALGOUSDT,ALGO,bull_2020_q4_2021_q1,13522.300404238971,13623.284762096955,-9.662341438072042,False,PASSED,,,,6557,51.76147628488638,0.21040826597529358,1379.647,1.8321151990349818,35.22300404238972,3.6453901228952925,3902.4811575415592,0.5193539118499314,3196,3361,ALGOUSDT_bull_2020_q4_2021_q1_5m.csv.gz
ALGOUSDT,ALGO,bear_2022_pre_ftx,13456.593100533993,13881.512476725184,-9.484686233921092,False,PASSED,,,,7081,51.26394577037142,0.21045235136280185,1490.2131,1.840029932356257,34.565931005339934,3.6443937261433192,5696.941676316905,0.7373810337522948,3525,3556,ALGOUSDT_bear_2022_pre_ftx_5m.csv.gz
ALGOUSDT,ALGO,range_2023_h2,11570.250394251323,11984.62938188473,-9.761931795991796,False,PASSED,,,,6067,50.48623701994396,0.2065196143069062,1252.9545,1.8873615439093483,15.702503942513225,1.6085447297389028,5445.95423932751,0.8152549859897807,3164,2903,ALGOUSDT_range_2023_h2_5m.csv.gz
ALGOUSDT,ALGO,ftx_crash_2022,11525.804168553495,11637.889524240782,-3.449055476718932,False,PASSED,,,,1558,52.31065468549422,0.23810911424903725,370.97400000000005,2.0080815217391303,15.258041685534952,4.423831912396447,5160.863337612323,0.7202827342747111,714,844,ALGOUSDT_ftx_crash_2022_5m.csv.gz
ALGOUSDT,ALGO,midcycle_correction_2021,11116.95312360707,11370.589408908969,-6.758427220999852,False,PASSED,,,,3745,51.10814419225635,0.20137676902536714,754.156,1.8153037837837838,11.169531236070718,1.6526820324948739,3718.929198931909,0.5361837116154873,1795,1950,ALGOUSDT_midcycle_correction_2021_5m.csv.gz
ALGOUSDT,ALGO,post_ath_pullback_2024_q2,10438.963892159018,11007.629396336899,-7.301576788045805,False,PASSED,,,,2586,51.082753286929616,0.19161535189481826,495.51730000000003,1.7330137573964497,4.3896389215901666,0.6011905440448035,5310.219586233566,0.7757278808971385,1087,1499,ALGOUSDT_post_ath_pullback_2024_q2_5m.csv.gz
ALGOUSDT,ALGO,etf_breakout_2024_q1,10168.248243344358,10426.633665426434,-9.435203133888159,False,PASSED,,,,2745,50.7103825136612,0.1908569034608379,523.9022,1.7890093373493976,1.6824824334435773,0.17831968316618976,4484.683551912569,0.699411693989071,1399,1346,ALGOUSDT_etf_breakout_2024_q1_5m.csv.gz
APTUSDT,APT,current_times,18405.055154401718,18430.539719260523,-7.353141526630669,False,PASSED,,,,10588,51.96448809973555,0.21911892708726863,2320.0312000000004,1.891633820138355,84.05055154401717,11.430563554313977,6763.005116169248,0.7666489138647525,4884,5704,APTUSDT_current_times_5m.csv.gz
APTUSDT,APT,recovery_2023_h1,14152.020573203567,14787.907752284462,-9.202933651108802,False,PASSED,,,,6726,50.55010407374368,0.20529672911091287,1380.8258,1.8333287869643935,41.52020573203568,4.511627194773177,5809.125278025572,0.7170902022004163,3140,3586,APTUSDT_recovery_2023_h1_5m.csv.gz
APTUSDT,APT,ftx_crash_2022,10926.648177765263,11084.66658407325,-4.812474529910737,False,PASSED,,,,1649,49.48453608247423,0.19874875682231655,327.7367,1.8112294554455446,9.266481777652636,1.9255128977949132,4664.569909035778,0.6739977562158884,799,850,APTUSDT_ftx_crash_2022_5m.csv.gz
APTUSDT,APT,etf_breakout_2024_q1,10669.563057928834,11117.946790307897,-6.109133916463794,False,PASSED,,,,2930,51.12627986348123,0.20401296928327647,597.758,1.847883687943262,6.695630579288325,1.0960032421689028,4465.028686006826,0.667869180887372,1338,1592,APTUSDT_etf_breakout_2024_q1_5m.csv.gz
APTUSDT,APT,bear_2022_pre_ftx,10643.743494000584,10714.62336159385,-3.770527605402163,False,PASSED,,,,533,50.28142589118198,0.21512570356472796,114.662,1.9476198347107438,6.437434940005837,1.7073034900428008,3704.1702439024393,0.5451063789868668,235,298,APTUSDT_bear_2022_pre_ftx_5m.csv.gz
ATOMUSDT,ATOM,current_times,17985.251117652904,18080.929864190693,-6.234345796571617,False,PASSED,,,,10344,52.26218097447796,0.21800487238979122,2255.0424000000003,1.9005760383386583,79.85251117652905,12.808482843611504,6793.763761600928,0.8292235498839909,4967,5377,ATOMUSDT_current_times_5m.csv.gz
ATOMUSDT,ATOM,bull_2020_q4_2021_q1,14803.901681290747,14934.093666822104,-6.520013355793619,False,PASSED,,,,6943,51.058620193000145,0.21128869364827887,1466.9774000000002,1.8901561893203884,48.03901681290748,7.367932271215439,4542.095543713092,0.5805638484804839,3391,3552,ATOMUSDT_bull_2020_q4_2021_q1_5m.csv.gz
ATOMUSDT,ATOM,midcycle_correction_2021,13908.331526049038,14214.051693310446,-5.398964435676534,False,PASSED,,,,3905,52.317541613316266,0.22303928297055056,870.9684,1.9698979955456573,39.08331526049038,7.239039213191802,3642.7737644046097,0.4547784635083227,1957,1948,ATOMUSDT_midcycle_correction_2021_5m.csv.gz
ATOMUSDT,ATOM,ftx_crash_2022,11838.232698962427,11914.115804824107,-3.3972395908453135,False,PASSED,,,,1522,53.74507227332457,0.2622319316688568,399.117,2.1670087719298246,18.382326989624275,5.410959839029286,5722.71350197109,0.7947747043363994,633,889,ATOMUSDT_ftx_crash_2022_5m.csv.gz
ATOMUSDT,ATOM,post_ath_pullback_2024_q2,11675.714605323821,11804.63500929734,-5.407026836573026,False,PASSED,,,,2741,52.31667274717257,0.224359248449471,614.9687,1.962392331768388,16.757146053238216,3.099142386328324,5981.870992338563,0.8543494709959868,1055,1686,ATOMUSDT_post_ath_pullback_2024_q2_5m.csv.gz
ATOMUSDT,ATOM,late_bull_2021_ath,11408.24984466206,11988.004962105028,-6.246740271148288,False,PASSED,,,,3961,50.79525372380712,0.20111148699823275,796.6025999999999,1.8574839612486547,14.082498446620594,2.2543755359356283,3812.299060843221,0.529525271396112,1943,2018,ATOMUSDT_late_bull_2021_ath_5m.csv.gz
ATOMUSDT,ATOM,recovery_2023_h1,11297.158248058488,11528.9008986842,-9.209866586217652,False,PASSED,,,,5959,51.183084410135926,0.19460479946299716,1159.65,1.7520428015564202,12.971582480584875,1.40844412447804,6103.239602282262,0.8585618224534317,2936,3023,ATOMUSDT_recovery_2023_h1_5m.csv.gz
ATOMUSDT,ATOM,etf_breakout_2024_q1,11082.369710597693,11841.475966316786,-6.465413911286156,False,PASSED,,,,2754,51.779230210602755,0.20846608569353667,574.1156,1.8646319277108434,10.823697105976926,1.674091907261013,5670.237864923746,0.796458206245461,1232,1522,ATOMUSDT_etf_breakout_2024_q1_5m.csv.gz
AVAXUSDT,AVAX,current_times,19343.526480480625,19428.819797547352,-7.972509972724062,False,PASSED,,,,11295,51.3235945108455,0.21451468791500666,2422.9434,1.93985391776571,93.43526480480624,11.719679890582954,7125.50513678619,0.7922176892430278,5199,6096,AVAXUSDT_current_times_5m.csv.gz
AVAXUSDT,AVAX,bull_2020_q4_2021_q1,17839.17785016987,18053.36998211229,-8.427795843369045,False,PASSED,,,,6840,52.119883040935676,0.22804197368421053,1559.8071,1.9111022780373832,78.39177850169872,9.301575401043566,4984.073934210527,0.5304343128654971,3085,3755,AVAXUSDT_bull_2020_q4_2021_q1_5m.csv.gz
AVAXUSDT,AVAX,bear_2022_pre_ftx,15964.543745802388,16530.211470369508,-9.286881083785726,False,PASSED,,,,7402,51.31045663334234,0.21033786814374494,1556.9209,1.9088855224751897,59.645437458023885,6.422547776794604,6119.7027141313165,0.6802740340448528,3421,3981,AVAXUSDT_bear_2022_pre_ftx_5m.csv.gz
AVAXUSDT,AVAX,etf_breakout_2024_q1,11648.353150904393,11846.035735195828,-4.740298315609226,False,PASSED,,,,2906,51.89263592567103,0.21432126634549212,622.8176000000001,1.9494170731707319,16.483531509043935,3.4773194452268266,4813.409614590502,0.6943982450103234,1396,1510,AVAXUSDT_etf_breakout_2024_q1_5m.csv.gz
AVAXUSDT,AVAX,post_ath_pullback_2024_q2,11297.230051527871,11641.052013499566,-6.932449122858808,False,PASSED,,,,2910,51.477663230240545,0.21396563573883162,622.64,1.8448303934871098,12.972300515278711,1.8712435223656119,5522.710615120275,0.7803713745704466,1282,1628,AVAXUSDT_post_ath_pullback_2024_q2_5m.csv.gz
AVAXUSDT,AVAX,ftx_crash_2022,10669.94727899273,11327.544791483611,-9.283894595731578,False,PASSED,,,,1617,50.5256648113791,0.21497977736549165,347.6223,1.9420658536585367,6.6994727899272855,0.7216230991040632,5592.422690166976,0.8101038342609772,743,874,AVAXUSDT_ftx_crash_2022_5m.csv.gz
AVAXUSDT,AVAX,range_2023_h2,10531.889092975242,11097.97129476888,-9.98626010768885,False,PASSED,,,,6059,50.354844033668925,0.20301361610826865,1230.0594999999998,1.8913474637681158,5.318890929752418,0.5326209083676056,5335.149432249546,0.7865615118006272,3027,3032,AVAXUSDT_range_2023_h2_5m.csv.gz
AVAXUSDT,AVAX,recovery_2023_h1,10385.165522706957,11486.422754336027,-9.968872039348309,False,PASSED,,,,6510,49.73886328725038,0.18619953917050694,1212.159,1.778022464698331,3.8516552270695614,0.38636820814497624,5920.0752442396315,0.839049846390169,3078,3432,AVAXUSDT_recovery_2023_h1_5m.csv.gz
BTCUSDT,BTC,bear_2022_pre_ftx,17209.764170878345,17221.598191332803,-9.345042188280406,False,PASSED,,,,8095,51.21680049413217,0.22460738727609636,1818.1968,1.9940933843630397,72.09764170878346,7.715068616726089,7548.246097591106,0.8880288202594193,3739,4356,BTCUSDT_bear_2022_pre_ftx_5m.csv.gz
BTCUSDT,BTC,current_times,15041.341757823775,15194.109782651149,-5.1836059377767025,False,PASSED,,,,10617,52.96223038523124,0.2274438730338137,2414.7716,1.9294732871439568,50.41341757823774,9.72554977816476,7769.222482810586,0.9505029292643874,5219,5398,BTCUSDT_current_times_5m.csv.gz
BTCUSDT,BTC,bull_2020_q4_2021_q1,14051.224603154056,14676.57531572988,-7.929018078456296,False,PASSED,,,,7220,51.0387811634349,0.2081807756232687,1503.0652,1.9103968503937008,40.512246031540556,5.109364820546342,5784.263587257618,0.7673618421052631,3789,3431,BTCUSDT_bull_2020_q4_2021_q1_5m.csv.gz
BTCUSDT,BTC,recovery_2023_h1,13612.602620307705,14056.322068464018,-4.680085044599503,False,PASSED,,,,7245,50.54520358868185,0.20154280193236715,1460.1776,1.801649528185067,36.12602620307705,7.719096097359173,7434.117913043478,0.9585911801242235,3377,3868,BTCUSDT_recovery_2023_h1_5m.csv.gz
BTCUSDT,BTC,post_ath_pullback_2024_q2,13460.273997573553,13506.791677708194,-1.901151071144258,False,PASSED,,,,3025,53.884297520661164,0.2667569256198347,806.9397,2.1866760294117644,34.60273997573553,18.200941787813292,6902.610019834711,0.936682479338843,1484,1541,BTCUSDT_post_ath_pullback_2024_q2_5m.csv.gz
BTCUSDT,BTC,range_2023_h2,13314.470441047406,13487.707656209093,-2.7114687759590805,False,PASSED,,,,6377,53.75568449114003,0.2467029480947154,1573.2247000000002,1.9919449558638085,33.144704410474056,12.223893081250901,7355.817379645601,0.9784919868276619,2978,3399,BTCUSDT_range_2023_h2_5m.csv.gz
BTCUSDT,BTC,midcycle_correction_2021,12083.016842232593,12377.552123434036,-6.597503225082269,False,PASSED,,,,4361,50.53886723228618,0.20349367117633568,887.4359,1.8726016715830875,20.830168422325922,3.157280521384842,5211.338461362073,0.7439036230222427,2068,2293,BTCUSDT_midcycle_correction_2021_5m.csv.gz
BTCUSDT,BTC,late_bull_2021_ath,11595.586133102774,11595.586133102774,-7.866449934662157,False,PASSED,,,,3828,50.966562173458726,0.2141631661442006,819.8166,1.8989217105263159,15.955861331027732,2.0283433395693495,5862.210504179729,0.8769441222570533,1863,1965,BTCUSDT_late_bull_2021_ath_5m.csv.gz
BTCUSDT,BTC,etf_breakout_2024_q1,11028.407717008684,11241.16491301164,-3.6817826415291632,False,PASSED,,,,3085,51.50729335494327,0.21279666126418154,656.4777,1.8427184852374838,10.284077170086835,2.793233107812015,6158.165912479741,0.9039950405186387,1643,1442,BTCUSDT_etf_breakout_2024_q1_5m.csv.gz
BTCUSDT,BTC,ftx_crash_2022,10644.990207600264,10689.705456201476,-5.429119430144436,False,PASSED,,,,1834,49.23664122137404,0.1900965103598691,348.63699999999994,1.8421183574879225,6.449902076002645,1.1880199282761132,5969.859781897491,0.9201591057797164,793,1041,BTCUSDT_ftx_crash_2022_5m.csv.gz
DOTUSDT,DOT,bull_2020_q4_2021_q1,16826.40061219489,17533.07106273617,-5.211843385871873,False,PASSED,,,,6775,52.442804428044276,0.2306811808118081,1562.865,1.955296454767726,68.26400612194891,13.097862132042795,5071.434490036901,0.5962610479704797,3394,3381,DOTUSDT_bull_2020_q4_2021_q1_5m.csv.gz
DOTUSDT,DOT,current_times,15798.741937382516,15925.553585465857,-6.708557609451693,False,PASSED,,,,10973,51.11637656064887,0.20616585254716122,2262.2579,1.874809706109822,57.98741937382517,8.643798376587933,6563.148268477172,0.7941253804793584,4907,6066,DOTUSDT_current_times_5m.csv.gz
DOTUSDT,DOT,midcycle_correction_2021,14184.772509625398,14476.566357673952,-7.9422058915712075,False,PASSED,,,,3821,52.002093692750584,0.2334857367181366,892.149,2.032579861111111,41.84772509625398,5.269030502050513,3875.233224286836,0.5107609526302015,1808,2013,DOTUSDT_midcycle_correction_2021_5m.csv.gz
DOTUSDT,DOT,range_2023_h2,14000.76204200699,14396.556843283952,-6.060340946051912,False,PASSED,,,,6074,51.69575238722424,0.21526091537701678,1307.4948,1.8810611859838278,40.00762042006991,6.601546146695491,6405.573114916035,0.8725676983865656,2737,3337,DOTUSDT_range_2023_h2_5m.csv.gz
DOTUSDT,DOT,recovery_2023_h1,13203.705887109034,13376.437495100248,-6.781721641732618,False,PASSED,,,,6372,51.03578154425612,0.20431341807909603,1301.8851,1.8329399232245682,32.03705887109034,4.724030351517848,6721.66964532329,0.8869464532328938,2990,3382,DOTUSDT_recovery_2023_h1_5m.csv.gz
DOTUSDT,DOT,post_ath_pullback_2024_q2,12233.768393695782,12366.249823320833,-4.430018479434306,False,PASSED,,,,2905,52.49569707401033,0.2276253356282272,661.2516,1.9528121037463977,22.33768393695781,5.042345543400585,6161.986722891566,0.8364639931153185,1258,1647,DOTUSDT_post_ath_pullback_2024_q2_5m.csv.gz
DOTUSDT,DOT,etf_breakout_2024_q1,10314.854674561127,10479.174079711218,-6.105264118742659,False,PASSED,,,,2933,50.903511762700305,0.19384463007159905,568.5463,1.7831216253443525,3.1485467456112692,0.515710161653038,4985.222771905898,0.7562500170473917,1363,1570,DOTUSDT_etf_breakout_2024_q1_5m.csv.gz
DOTUSDT,DOT,ftx_crash_2022,9331.409006950715,10175.813047013173,-8.48361958605085,False,PASSED,,,,1662,49.39831528279181,0.21522593261131168,357.70550000000003,2.0369910501829853,-6.68590993049285,-0.7880963853549169,4951.430006016847,0.772876113116727,813,849,DOTUSDT_ftx_crash_2022_5m.csv.gz
ETHUSDT,ETH,current_times,19965.437413733136,20837.94316762905,-6.151208727222668,False,PASSED,,,,11811,51.67217001100669,0.2215811023622047,2617.0944,1.9343428775437344,99.65437413733136,16.200779156835132,8693.65191431716,0.8603062907459147,5778,6033,ETHUSDT_current_times_5m.csv.gz
ETHUSDT,ETH,bear_2022_pre_ftx,17676.549984531277,17843.10698331429,-6.109158982778418,False,PASSED,,,,7814,51.24136165856156,0.22190415920143333,1733.9591,1.9617077648363836,76.76549984531277,12.565641205559226,6866.187042487842,0.801905989250064,3571,4243,ETHUSDT_bear_2022_pre_ftx_5m.csv.gz
ETHUSDT,ETH,midcycle_correction_2021,13438.42442075268,13604.03732756166,-6.754638549288405,False,PASSED,,,,4083,51.334802841048244,0.22724085231447463,927.8244,1.9955197424892703,34.38424420752681,5.090463976218115,4863.620029390154,0.6257148420279207,2045,2038,ETHUSDT_midcycle_correction_2021_5m.csv.gz
ETHUSDT,ETH,recovery_2023_h1,13273.645719822664,13913.954107081952,-5.079743810632853,False,PASSED,,,,7138,50.89660969459232,0.20902799103390304,1492.0418,1.8253311368634502,32.736457198226645,6.444509490754854,7468.9992602970015,0.9513266881479406,3306,3832,ETHUSDT_recovery_2023_h1_5m.csv.gz
ETHUSDT,ETH,bull_2020_q4_2021_q1,12613.326199002135,13226.003462532324,-7.465900306603368,False,PASSED,,,,7200,50.875,0.20108259722222224,1447.7947000000001,1.867982434052758,26.13326199002135,3.500349712265412,5143.280562499999,0.7231224166666665,3824,3376,ETHUSDT_bull_2020_q4_2021_q1_5m.csv.gz
ETHUSDT,ETH,range_2023_h2,11891.454828178435,11900.048564470275,-7.657883426330347,False,PASSED,,,,6474,52.471424158171146,0.2263347544022243,1465.2912000000001,1.872197142857143,18.91454828178436,2.4699446607857545,7055.757156317578,0.9710345535990115,2873,3601,ETHUSDT_range_2023_h2_5m.csv.gz
ETHUSDT,ETH,post_ath_pullback_2024_q2,11135.701870757883,11191.667049123243,-4.731064581977629,False,PASSED,,,,3212,51.52552926525529,0.2105018679950187,676.1320000000001,1.8296098159509204,11.357018707578836,2.400520751892061,6402.607496886675,0.9169937422166875,1563,1649,ETHUSDT_post_ath_pullback_2024_q2_5m.csv.gz
ETHUSDT,ETH,ftx_crash_2022,11086.049272018396,11117.064077538274,-4.2484671632693205,False,PASSED,,,,1736,50.97926267281107,0.2144798387096774,372.337,1.8823151658767772,10.860492720183966,2.5563320376063583,5938.820806451613,0.8760903225806452,840,896,ETHUSDT_ftx_crash_2022_5m.csv.gz
ETHUSDT,ETH,etf_breakout_2024_q1,11005.990632947758,11259.3808386314,-3.951343441127264,False,PASSED,,,,3163,51.34366108125198,0.20057477078722732,634.418,1.8282219321148823,10.059906329477574,2.5459458230762193,5927.113803351249,0.8813441669301296,1664,1499,ETHUSDT_etf_breakout_2024_q1_5m.csv.gz
LINKUSDT,LINK,bull_2020_q4_2021_q1,17328.870726669695,17547.475977705348,-9.022548646380068,False,PASSED,,,,7508,51.545018646776775,0.22054111614278102,1655.8227,1.937081324278438,73.28870726669695,8.122838694375016,5366.874776238677,0.6127155034629729,3640,3868,LINKUSDT_bull_2020_q4_2021_q1_5m.csv.gz
LINKUSDT,LINK,range_2023_h2,15698.403909239889,15776.608479723265,-5.079386439727152,False,PASSED,,,,6145,51.92839707078926,0.2238593327908869,1375.6156,1.950010773480663,56.98403909239889,11.218685518139054,6110.067316517495,0.8031429129373474,2856,3289,LINKUSDT_range_2023_h2_5m.csv.gz
LINKUSDT,LINK,midcycle_correction_2021,14331.792678621952,14656.755831029897,-6.027089690596654,False,PASSED,,,,3969,52.38095238095239,0.23612139077853364,937.1658,2.045943973214286,43.31792678621953,7.187204606197134,3994.5555555555557,0.5241375157470396,1818,2151,LINKUSDT_midcycle_correction_2021_5m.csv.gz
LINKUSDT,LINK,recovery_2023_h1,13422.298913141269,13429.638568392164,-6.0313505887586665,False,PASSED,,,,6452,50.86794792312461,0.2037215592064476,1314.4115,1.8143813506815367,34.22298913141268,5.674183357073964,6398.365943893366,0.871745815251085,3031,3421,LINKUSDT_recovery_2023_h1_5m.csv.gz
LINKUSDT,LINK,late_bull_2021_ath,11879.00256708604,11944.924059712717,-5.384671783682659,False,PASSED,,,,3352,51.34248210023866,0.20890468377088306,700.2485,1.8989069319640566,18.790025670860388,3.4895396461861234,4591.702559665871,0.6254942422434367,1585,1767,LINKUSDT_late_bull_2021_ath_5m.csv.gz
LINKUSDT,LINK,ftx_crash_2022,11081.67052260617,11237.336794002367,-5.774925851129908,False,PASSED,,,,1577,51.616994292961316,0.2214213062777425,349.18139999999994,1.946291056910569,10.816705226061686,1.8730465991949168,5041.72630944832,0.7392764743183259,671,906,LINKUSDT_ftx_crash_2022_5m.csv.gz
LINKUSDT,LINK,etf_breakout_2024_q1,10930.02850909686,11141.681480015532,-6.970047738945073,False,PASSED,,,,2875,51.791304347826085,0.2123238956521739,610.4312,1.8885461426491994,9.300285090968586,1.3343215770249799,5173.053408695651,0.7531180869565217,1418,1457,LINKUSDT_etf_breakout_2024_q1_5m.csv.gz
LINKUSDT,LINK,post_ath_pullback_2024_q2,10720.507328220543,10852.913561764362,-7.431498571035366,False,PASSED,,,,2722,51.65319617927994,0.21169232182218956,576.2265,1.8339023154848042,7.205073282205432,0.9695316783464861,5267.713677443056,0.8204944893460691,1194,1528,LINKUSDT_post_ath_pullback_2024_q2_5m.csv.gz
MATICUSDT,MATIC,midcycle_correction_2021,15502.58220874779,15643.668299312658,-3.7881009229791984,False,PASSED,,,,3922,52.677205507394184,0.24736777154513004,970.1764000000001,2.110041647597254,55.025822087477906,14.525965175236719,3576.8542325344215,0.42937712901580827,1798,2124,MATICUSDT_midcycle_correction_2021_5m.csv.gz
MATICUSDT,MATIC,range_2023_h2,13344.667861270367,13456.37932569905,-4.054860797078053,False,PASSED,,,,6230,52.11878009630818,0.22037441412520065,1372.9326,1.8932547820429408,33.44667861270367,8.248539293088795,6313.063587479935,0.8589956019261636,3030,3200,MATICUSDT_range_2023_h2_5m.csv.gz
MATICUSDT,MATIC,late_bull_2021_ath,12808.228618490035,13566.703315935809,-8.472196834527612,False,PASSED,,,,3914,50.817577925396016,0.21378180889115994,836.742,1.9370011198208288,28.08228618490034,3.314640433099208,4819.440493101686,0.6052839039345936,1856,2058,MATICUSDT_late_bull_2021_ath_5m.csv.gz
MATICUSDT,MATIC,etf_breakout_2024_q1,11724.445411325822,12146.598553778646,-4.665240717837094,False,PASSED,,,,2787,52.1707929673484,0.22146709723717262,617.2288000000001,1.9198640834575258,17.24445411325821,3.6963696315445675,5491.75131682813,0.7783533189809831,1332,1455,MATICUSDT_etf_breakout_2024_q1_5m.csv.gz
MATICUSDT,MATIC,ftx_crash_2022,11565.642145932137,11928.90285430341,-5.188616402591961,False,PASSED,,,,1702,52.35017626321974,0.24379230317273792,414.93449999999996,2.1124249329758715,15.656421459321379,3.0174559544429322,5359.492561692126,0.7515639247943595,816,886,MATICUSDT_ftx_crash_2022_5m.csv.gz
NEARUSDT,NEAR,bull_2020_q4_2021_q1,18596.87066372855,19062.57585909773,-7.432821931624378,False,PASSED,,,,6101,53.38469103425668,0.2436404032125881,1486.4501,1.9498083706070288,85.9687066372855,11.56609258611659,5685.628642845434,0.5314544992624161,3089,3012,NEARUSDT_bull_2020_q4_2021_q1_5m.csv.gz
NEARUSDT,NEAR,current_times,18431.60411564399,18449.80845336215,-7.968388205613075,False,PASSED,,,,10988,51.54714233709501,0.21377905897342553,2349.0042999999996,1.9003466078957456,84.3160411564399,10.58131694651199,6206.188178012378,0.7323664998179832,5314,5674,NEARUSDT_current_times_5m.csv.gz
NEARUSDT,NEAR,bear_2022_pre_ftx,15012.08707005547,15235.902786753424,-7.464663539873362,False,PASSED,,,,7268,51.16951018161805,0.21416730875068796,1556.568,1.909210280373832,50.12087070055469,6.714417928260032,5108.3401582278475,0.6464569620253164,3315,3953,NEARUSDT_bear_2022_pre_ftx_5m.csv.gz
NEARUSDT,NEAR,recovery_2023_h1,12872.657624331956,13514.851601623262,-7.219290822092073,False,PASSED,,,,6618,50.468419462073136,0.20156639468117257,1333.9664,1.8163809057527542,28.726576243319556,3.9791410196985115,6220.793795708674,0.7816762012692655,3022,3596,NEARUSDT_recovery_2023_h1_5m.csv.gz
NEARUSDT,NEAR,midcycle_correction_2021,12695.623605240884,13087.602210360406,-6.257379508997873,False,PASSED,,,,3676,52.12187159956474,0.222708324265506,818.6758,1.9056148230088494,26.956236052408844,4.307911325123689,3931.5223531011975,0.515757671381937,1717,1959,NEARUSDT_midcycle_correction_2021_5m.csv.gz
NEARUSDT,NEAR,range_2023_h2,12613.696844552265,12685.31393883718,-7.150695110766159,False,PASSED,,,,5966,51.290646999664766,0.2074828025477707,1237.8424,1.8822825374198147,26.136968445522648,3.655164713451503,5442.836625879986,0.7849265672142139,2777,3189,NEARUSDT_range_2023_h2_5m.csv.gz
NEARUSDT,NEAR,late_bull_2021_ath,12192.220384465116,12205.912263402835,-8.968503697270602,False,PASSED,,,,3803,50.986063633973174,0.20713618196160924,787.7389,1.8704297237569059,21.922203844651158,2.444354664348611,3768.3635182750463,0.5204703917959506,1980,1823,NEARUSDT_late_bull_2021_ath_5m.csv.gz
NEARUSDT,NEAR,post_ath_pullback_2024_q2,11568.926332482444,11599.181034957393,-5.391415575887182,False,PASSED,,,,2804,51.711840228245364,0.21108766048502137,591.8897999999999,1.913410185185185,15.68926332482443,2.9100452569439876,4597.932093437946,0.676003673323823,1278,1526,NEARUSDT_post_ath_pullback_2024_q2_5m.csv.gz
NEARUSDT,NEAR,ftx_crash_2022,11436.116362276565,11535.537447394016,-4.325741012053641,False,PASSED,,,,1575,51.55555555555556,0.21927422222222223,345.3569,2.01875191740413,14.361163622765648,3.319931448218557,5013.366196825396,0.7344924444444445,704,871,NEARUSDT_ftx_crash_2022_5m.csv.gz
NEARUSDT,NEAR,etf_breakout_2024_q1,10378.232962607359,10935.018183535341,-7.599760516569565,False,PASSED,,,,2710,50.664206642066425,0.18907409594095942,512.3908,1.7869219939585297,3.7823296260735884,0.49769063351760506,4003.4803210332097,0.5876287822878229,1267,1443,NEARUSDT_etf_breakout_2024_q1_5m.csv.gz
SOLUSDT,SOLANA,bull_2020_q4_2021_q1,18738.364191687953,19031.181490619827,-7.681631401696376,False,PASSED,,,,6534,52.52525252525253,0.23727737985919806,1550.3704,1.945924588163514,87.38364191687953,11.375661932643908,5219.644201101929,0.5590533210896848,3109,3425,SOLUSDT_bull_2020_q4_2021_q1_5m.csv.gz
SOLUSDT,SOLANA,current_times,17594.69091149248,18521.08392580326,-8.322649026939121,False,PASSED,,,,11143,51.26985551467289,0.2125113165215831,2368.0136,1.9100744043043814,75.9469091149248,9.125328830892238,7464.868288611685,0.8139402584582249,5494,5649,SOLUSDT_current_times_5m.csv.gz
SOLUSDT,SOLANA,etf_breakout_2024_q1,14179.476984519573,14536.663708153155,-5.314763988863236,False,PASSED,,,,3132,51.85185185185185,0.23938978288633464,749.7688,2.1009820851688694,41.794769845195724,7.863899494459983,5356.048943167305,0.6771580779054918,1556,1576,SOLUSDT_etf_breakout_2024_q1_5m.csv.gz
SOLUSDT,SOLANA,midcycle_correction_2021,13889.144879111704,14046.038236877293,-5.1307086471542025,False,PASSED,,,,3792,51.793248945147674,0.22403575949367088,849.5436,1.9959479484173506,38.891448791117035,7.580131998469365,3595.088351793249,0.4534348628691984,1742,2050,SOLUSDT_midcycle_correction_2021_5m.csv.gz
SOLUSDT,SOLANA,late_bull_2021_ath,12967.194570751602,13250.580012140366,-6.543241982202286,False,PASSED,,,,3661,51.57060912319038,0.22077142857142856,808.2442,1.966799282296651,29.671945707516034,4.534746810254635,4087.1402294455065,0.5383205681507784,1706,1955,SOLUSDT_late_bull_2021_ath_5m.csv.gz
SOLUSDT,SOLANA,post_ath_pullback_2024_q2,12296.732948177318,12695.129089196895,-4.655490823816755,False,PASSED,,,,3154,51.616994292961316,0.2268878249841471,715.6042,1.9592549597855224,22.96732948177318,4.933385189865686,5644.5119942929605,0.7597305326569435,1362,1792,SOLUSDT_post_ath_pullback_2024_q2_5m.csv.gz
SOLUSDT,SOLANA,recovery_2023_h1,11579.734814843066,12364.803871879438,-7.17586551518592,False,PASSED,,,,7099,49.61262149598535,0.1879640935343006,1334.3571,1.7826141348973608,15.797348148430657,2.201455436281454,5781.350908578672,0.7836441048034934,3194,3905,SOLUSDT_recovery_2023_h1_5m.csv.gz
SOLUSDT,SOLANA,ftx_crash_2022,10992.916036563733,11460.16144002253,-6.528552065758831,False,PASSED,,,,1679,49.31506849315068,0.1963756998213222,329.71479999999997,1.822231421446384,9.929160365637335,1.5208824660699467,5064.800631328171,0.7113490768314474,780,899,SOLUSDT_ftx_crash_2022_5m.csv.gz
SUIUSDT,SUI,current_times,15438.094810643566,16085.044535904664,-9.799984711306042,False,PASSED,,,,10936,51.18873445501097,0.20542759692757864,2246.5562,1.854528794218334,54.38094810643565,5.549084994356926,6370.6588551572795,0.7333671452084856,4983,5953,SUIUSDT_current_times_5m.csv.gz
SUIUSDT,SUI,post_ath_pullback_2024_q2,12847.547469706662,13057.201207059383,-5.900709223865109,False,PASSED,,,,2880,53.19444444444444,0.23616798611111112,680.1638,2.051257805255023,28.475474697066616,4.825771549951836,5455.386427083334,0.7199097916666667,1173,1707,SUIUSDT_post_ath_pullback_2024_q2_5m.csv.gz
SUIUSDT,SUI,etf_breakout_2024_q1,12792.79398040415,12994.057859481281,-3.8070662308575587,False,PASSED,,,,3042,52.26824457593688,0.22862537804076263,695.4784,2.0242686303387334,27.927939804041515,7.335816639510004,4218.2282544378695,0.5729407297830375,1435,1607,SUIUSDT_etf_breakout_2024_q1_5m.csv.gz
SUIUSDT,SUI,recovery_2023_h1,10727.105434066183,11308.998231276631,-8.750136829780807,False,PASSED,,,,2271,49.405548216644654,0.1840832672831352,418.05310000000003,1.7451926916221034,7.27105434066182,0.8309646445659024,4708.081743725232,0.6721569793042712,942,1329,SUIUSDT_recovery_2023_h1_5m.csv.gz
UNIUSDT,UNI,bull_2020_q4_2021_q1,15280.1270114618,15398.76756216908,-7.409285091748952,False,PASSED,,,,7134,51.21951219512195,0.21112518923465098,1506.1671000000001,1.8616516590389016,52.80127011461799,7.12636502183159,4360.580985421923,0.5031903280067284,3441,3693,UNIUSDT_bull_2020_q4_2021_q1_5m.csv.gz
UNIUSDT,UNI,bear_2022_pre_ftx,14001.899270500602,14390.92364711866,-8.616010618507431,False,PASSED,,,,6926,50.08663008951776,0.19778173548946,1369.8363,1.8434952586206896,40.01899270500602,4.644724162600741,4929.897401097314,0.6321197949754548,3289,3637,UNIUSDT_bear_2022_pre_ftx_5m.csv.gz
UNIUSDT,UNI,post_ath_pullback_2024_q2,12186.697069195194,12514.862989240735,-5.647309989766624,False,PASSED,,,,2910,52.096219931271484,0.2165072164948454,630.0360000000001,1.8967230488207911,21.866970691951938,3.8721038390980187,5311.663618556701,0.7329296907216494,1296,1614,UNIUSDT_post_ath_pullback_2024_q2_5m.csv.gz
UNIUSDT,UNI,ftx_crash_2022,10048.745429657385,10589.003209868375,-8.797775934596764,False,PASSED,,,,1541,49.57819597663855,0.20344198572355612,313.5041,1.9060812138728322,0.48745429657384154,0.055406536856315546,4861.874464633355,0.7278038935756002,707,834,UNIUSDT_ftx_crash_2022_5m.csv.gz
